coherence,num_topics
-1.999571980834175,50
-1.9840489687107086,60
-2.040198196871383,70
-1.9494209633719066,80
-2.05492175417343,90
-1.9670415338598533,100
-2.005519411846626,110
-2.0489466155936555,120
-2.0299544530199216,130
-2.090332429351159,140
-2.0722640884520716,150
