coherence,num_topics
-1.9562309653956604,50
-1.9546145988574757,60
-1.9492134067924893,70
-2.0305267587205953,80
-2.0500530050935097,90
-2.0453174636738494,100
-2.1206894561053535,110
-2.0730656853331415,120
-2.0383207814847655,130
-2.0636128960743854,140
-2.0143455871233282,150
