coherence,num_topics
-2.1581519545494774,100
-2.1635772207856654,110
-2.1745801927115225,120
-2.139994146704538,130
-2.1528125773402427,140
-2.170054730318727,150
